-- ==========================================
-- IDMS - DEMO DATA SEED SCRIPT
-- Paste this into your Supabase SQL Editor
-- ==========================================

-- 0. Drop the foreign key constraint that blocks demo data
ALTER TABLE IF EXISTS public.users DROP CONSTRAINT IF EXISTS users_id_fkey;

-- 1. Insert Demo Profiles
INSERT INTO public.users (id, email, role, name)
VALUES ('00000000-0000-0000-0000-000000000001', 'admin@idms.com', 'admin', 'Rajesh Kumar')
ON CONFLICT (id) DO UPDATE SET email = EXCLUDED.email, role = EXCLUDED.role, name = EXCLUDED.name;

-- Insert Local Industry Profile
INSERT INTO public.users (id, email, role, name)
VALUES ('00000000-0000-0000-0000-000000000002', 'industry@demo.com', 'industry', 'Priya Sharma')
ON CONFLICT (id) DO NOTHING;

-- 2. Insert Industries (Using fixed UUIDs for mapping sub-data)
INSERT INTO public.industries (id, user_id, name, plot_number, sector, contact_person, phone, email, status)
VALUES 
('11111111-1111-1111-1111-111111111101', '00000000-0000-0000-0000-000000000002', 'Bharath Steel Corporation', 'A-101', 'Manufacturing', 'Priya Sharma', '+91 98765 43210', 'info@bharathsteel.com', 'Active'),
('11111111-1111-1111-1111-111111111102', NULL, 'TechVision Software Pvt Ltd', 'B-205', 'IT/Software', 'Arjun Patel', '+91 87654 32109', 'contact@techvision.in', 'Active'),
('11111111-1111-1111-1111-111111111103', NULL, 'GreenChem Industries', 'C-312', 'Chemical', 'Vikram Singh', '+91 76543 21098', 'info@greenchem.co.in', 'Active'),
('11111111-1111-1111-1111-111111111104', NULL, 'AutoParts Manufacturing', 'A-108', 'Automotive', 'Sunita Reddy', '+91 65432 10987', 'hr@autoparts.in', 'Active'),
('11111111-1111-1111-1111-111111111105', NULL, 'NovaPharma Solutions', 'D-410', 'Pharmaceutical', 'Deepak Rao', '+91 54321 09876', 'admin@novapharma.com', 'Active'),
('11111111-1111-1111-1111-111111111106', NULL, 'SolarTech Energy', 'E-502', 'Renewable Energy', 'Ananya Gupta', '+91 43210 98765', 'ops@solartech.in', 'Active'),
('11111111-1111-1111-1111-111111111107', NULL, 'FoodPro Agri-Processing', 'B-215', 'Food Processing', 'Mahesh Kumar', '+91 32109 87654', 'info@foodpro.com', 'Inactive'),
('11111111-1111-1111-1111-111111111108', NULL, 'ElectroWave Solutions', 'C-330', 'Electronics', 'Kavita Nair', '+91 21098 76543', 'contact@electrowave.in', 'Active'),
('11111111-1111-1111-1111-111111111109', NULL, 'TextileCraft India', 'A-120', 'Textile', 'Ramesh Menon', '+91 10987 65432', 'sales@textilecraft.in', 'Active'),
('11111111-1111-1111-1111-111111111110', NULL, 'BuildRight Construction', 'D-425', 'Construction', 'Pooja Das', '+91 09876 54321', 'info@buildright.com', 'Pending'),
('11111111-1111-1111-1111-111111111111', NULL, 'AeroSpace Dynamics', 'E-515', 'Aerospace', 'Suresh Iyer', '+91 98712 34560', 'info@aerospacedyn.in', 'Active'),
('11111111-1111-1111-1111-111111111112', NULL, 'PureChem Labs', 'C-340', 'Chemical', 'Neha Kapoor', '+91 87612 34509', 'lab@purechem.co.in', 'Active')
ON CONFLICT (id) DO NOTHING;

-- 3. Insert Investment Data
INSERT INTO public.investment_data (industry_id, year, initial_investment, additional_investment)
VALUES 
('11111111-1111-1111-1111-111111111101', 2023, 15000000, 2000000),
('11111111-1111-1111-1111-111111111101', 2024, 15000000, 5000000),
('11111111-1111-1111-1111-111111111101', 2025, 15000000, 8000000),
('11111111-1111-1111-1111-111111111102', 2023, 8000000, 1500000),
('11111111-1111-1111-1111-111111111102', 2024, 8000000, 3000000),
('11111111-1111-1111-1111-111111111102', 2025, 8000000, 6000000),
('11111111-1111-1111-1111-111111111103', 2023, 25000000, 4000000),
('11111111-1111-1111-1111-111111111103', 2024, 25000000, 7000000),
('11111111-1111-1111-1111-111111111104', 2024, 12000000, 2500000),
('11111111-1111-1111-1111-111111111104', 2025, 12000000, 4500000),
('11111111-1111-1111-1111-111111111105', 2023, 50000000, 10000000),
('11111111-1111-1111-1111-111111111105', 2024, 50000000, 15000000),
('11111111-1111-1111-1111-111111111106', 2024, 30000000, 8000000),
('11111111-1111-1111-1111-111111111106', 2025, 30000000, 12000000),
('11111111-1111-1111-1111-111111111108', 2024, 10000000, 2000000),
('11111111-1111-1111-1111-111111111109', 2023, 20000000, 3000000),
('11111111-1111-1111-1111-111111111109', 2024, 20000000, 5000000),
('11111111-1111-1111-1111-111111111111', 2024, 75000000, 15000000),
('11111111-1111-1111-1111-111111111111', 2025, 75000000, 25000000),
('11111111-1111-1111-1111-111111111112', 2024, 18000000, 3500000)
ON CONFLICT (industry_id, year) DO NOTHING;

-- 4. Insert Employment Data
INSERT INTO public.employment_data (industry_id, year, permanent_employees, contract_employees, male_employees, female_employees)
VALUES 
('11111111-1111-1111-1111-111111111101', 2023, 120, 45, 130, 35),
('11111111-1111-1111-1111-111111111101', 2024, 135, 52, 142, 45),
('11111111-1111-1111-1111-111111111101', 2025, 150, 60, 155, 55),
('11111111-1111-1111-1111-111111111102', 2023, 200, 80, 180, 100),
('11111111-1111-1111-1111-111111111102', 2024, 250, 95, 210, 135),
('11111111-1111-1111-1111-111111111102', 2025, 310, 110, 250, 170),
('11111111-1111-1111-1111-111111111103', 2023, 75, 30, 80, 25),
('11111111-1111-1111-1111-111111111103', 2024, 85, 35, 90, 30),
('11111111-1111-1111-1111-111111111104', 2024, 90, 40, 100, 30),
('11111111-1111-1111-1111-111111111104', 2025, 110, 50, 115, 45),
('11111111-1111-1111-1111-111111111105', 2023, 180, 60, 140, 100),
('11111111-1111-1111-1111-111111111105', 2024, 220, 75, 165, 130),
('11111111-1111-1111-1111-111111111106', 2024, 60, 25, 55, 30),
('11111111-1111-1111-1111-111111111106', 2025, 80, 35, 70, 45),
('11111111-1111-1111-1111-111111111108', 2024, 95, 40, 85, 50),
('11111111-1111-1111-1111-111111111109', 2023, 300, 150, 350, 100),
('11111111-1111-1111-1111-111111111109', 2024, 320, 160, 370, 110),
('11111111-1111-1111-1111-111111111111', 2024, 150, 50, 140, 60),
('11111111-1111-1111-1111-111111111111', 2025, 180, 65, 165, 80),
('11111111-1111-1111-1111-111111111112', 2024, 65, 20, 50, 35)
ON CONFLICT (industry_id, year) DO NOTHING;

-- 5. Insert Utilities Data
INSERT INTO public.utilities_data (industry_id, year, water_consumption, power_consumption)
VALUES 
('11111111-1111-1111-1111-111111111101', 2023, 5000, 25000),
('11111111-1111-1111-1111-111111111101', 2024, 5500, 28000),
('11111111-1111-1111-1111-111111111101', 2025, 6000, 30000),
('11111111-1111-1111-1111-111111111102', 2023, 2000, 15000),
('11111111-1111-1111-1111-111111111102', 2024, 2200, 18000),
('11111111-1111-1111-1111-111111111102', 2025, 2500, 22000),
('11111111-1111-1111-1111-111111111103', 2023, 8000, 35000),
('11111111-1111-1111-1111-111111111103', 2024, 8500, 38000),
('11111111-1111-1111-1111-111111111104', 2024, 3500, 20000),
('11111111-1111-1111-1111-111111111105', 2023, 4000, 22000),
('11111111-1111-1111-1111-111111111105', 2024, 4500, 25000),
('11111111-1111-1111-1111-111111111106', 2024, 1500, 8000),
('11111111-1111-1111-1111-111111111108', 2024, 1800, 12000),
('11111111-1111-1111-1111-111111111109', 2024, 7000, 32000),
('11111111-1111-1111-1111-111111111111', 2024, 3000, 45000),
('11111111-1111-1111-1111-111111111112', 2024, 6500, 28000)
ON CONFLICT (industry_id, year) DO NOTHING;

-- 6. Insert Turnover Data
INSERT INTO public.turnover_data (industry_id, year, annual_turnover, production_capacity)
VALUES 
('11111111-1111-1111-1111-111111111101', 2023, 45000000, 85),
('11111111-1111-1111-1111-111111111101', 2024, 52000000, 88),
('11111111-1111-1111-1111-111111111101', 2025, 61000000, 92),
('11111111-1111-1111-1111-111111111102', 2023, 35000000, 78),
('11111111-1111-1111-1111-111111111102', 2024, 48000000, 85),
('11111111-1111-1111-1111-111111111102', 2025, 65000000, 90),
('11111111-1111-1111-1111-111111111103', 2023, 70000000, 80),
('11111111-1111-1111-1111-111111111103', 2024, 78000000, 83),
('11111111-1111-1111-1111-111111111104', 2024, 30000000, 75),
('11111111-1111-1111-1111-111111111105', 2023, 120000000, 70),
('11111111-1111-1111-1111-111111111105', 2024, 145000000, 82),
('11111111-1111-1111-1111-111111111106', 2024, 25000000, 60),
('11111111-1111-1111-1111-111111111109', 2024, 55000000, 78),
('11111111-1111-1111-1111-111111111111', 2024, 200000000, 65)
ON CONFLICT (industry_id, year) DO NOTHING;

-- 7. Insert CSR Activities
INSERT INTO public.csr_activities (industry_id, year, description, expenditure)
VALUES 
('11111111-1111-1111-1111-111111111101', 2024, 'Tree plantation drive in local village - planted 500 saplings', 250000),
('11111111-1111-1111-1111-111111111101', 2025, 'Skill development program for youth - 100 beneficiaries', 500000),
('11111111-1111-1111-1111-111111111102', 2024, 'Digital literacy program for government schools', 800000),
('11111111-1111-1111-1111-111111111102', 2025, 'Scholarship fund for 50 students in STEM', 1200000),
('11111111-1111-1111-1111-111111111103', 2024, 'Water purification units for 3 villages', 600000),
('11111111-1111-1111-1111-111111111105', 2024, 'Free health camps and mobile medical units', 1500000),
('11111111-1111-1111-1111-111111111106', 2024, 'Solar panel installation in 2 rural schools', 400000),
('11111111-1111-1111-1111-111111111109', 2024, 'Women empowerment and handicraft training', 350000),
('11111111-1111-1111-1111-111111111111', 2024, 'Aerospace education workshops for college students', 900000);
